﻿<?xml version="1.0" encoding="utf-8"?>
<abapGit version="v1.0.0" serializer="LCL_OBJECT_CLAS" serializer_version="v1.0.0">
 <asx:abap xmlns:asx="http://www.sap.com/abapxml" version="1.0">
  <asx:values>
   <VSEOCLASS>
    <CLSNAME>ZCL_HRPY_WCODE_NEW</CLSNAME>
    <LANGU>R</LANGU>
    <DESCRIPT>Код вида оплаты</DESCRIPT>
    <STATE>1</STATE>
    <CLSCCINCL>X</CLSCCINCL>
    <FIXPT>X</FIXPT>
    <UNICODE>X</UNICODE>
   </VSEOCLASS>
   <TPOOL>
    <item>
     <ID>I</ID>
     <KEY>R01</KEY>
     <ENTRY>Возврат</ENTRY>
     <LENGTH>17</LENGTH>
    </item>
   </TPOOL>
   <DESCRIPTIONS>
    <SEOCOMPOTX>
     <CMPNAME>CONSTRUCTOR</CMPNAME>
     <LANGU>R</LANGU>
     <DESCRIPT>Конструктор</DESCRIPT>
    </SEOCOMPOTX>
    <SEOCOMPOTX>
     <CMPNAME>MC_BASIC_GROUP</CMPNAME>
     <LANGU>R</LANGU>
     <DESCRIPT>Группа видов оплаты</DESCRIPT>
    </SEOCOMPOTX>
    <SEOCOMPOTX>
     <CMPNAME>MT_BASIC</CMPNAME>
     <LANGU>R</LANGU>
     <DESCRIPT>Wage Type Range</DESCRIPT>
    </SEOCOMPOTX>
    <SEOCOMPOTX>
     <CMPNAME>MT_T51AV_P</CMPNAME>
     <LANGU>R</LANGU>
     <DESCRIPT>Table Type for T51AV_P</DESCRIPT>
    </SEOCOMPOTX>
    <SEOCOMPOTX>
     <CMPNAME>MV_BEGDA</CMPNAME>
     <LANGU>R</LANGU>
     <DESCRIPT>Начало срока действия</DESCRIPT>
    </SEOCOMPOTX>
    <SEOCOMPOTX>
     <CMPNAME>MV_ENDDA</CMPNAME>
     <LANGU>R</LANGU>
     <DESCRIPT>Конец срока действия</DESCRIPT>
    </SEOCOMPOTX>
    <SEOCOMPOTX>
     <CMPNAME>RET_RT_INPER_NEW</CMPNAME>
     <LANGU>R</LANGU>
     <DESCRIPT>с учетом обратных расчетов</DESCRIPT>
    </SEOCOMPOTX>
   </DESCRIPTIONS>
   <DESCRIPTIONS_SUB>
    <SEOSUBCOTX>
     <CMPNAME>GET_LGART_WCODE</CMPNAME>
     <SCONAME>IV_DATUM</SCONAME>
     <LANGU>R</LANGU>
     <DESCRIPT>Поле типа DATS</DESCRIPT>
    </SEOSUBCOTX>
    <SEOSUBCOTX>
     <CMPNAME>GET_LGART_WCODE</CMPNAME>
     <SCONAME>IV_WCODE</SCONAME>
     <LANGU>R</LANGU>
     <DESCRIPT>Код вида оплаты</DESCRIPT>
    </SEOSUBCOTX>
    <SEOSUBCOTX>
     <CMPNAME>RET_LEGAL_CODE</CMPNAME>
     <SCONAME>IV_BEGDA</SCONAME>
     <LANGU>R</LANGU>
     <DESCRIPT>Начало срока действия</DESCRIPT>
    </SEOSUBCOTX>
    <SEOSUBCOTX>
     <CMPNAME>RET_LEGAL_CODE</CMPNAME>
     <SCONAME>IV_ENDDA</SCONAME>
     <LANGU>R</LANGU>
     <DESCRIPT>Конец срока действия</DESCRIPT>
    </SEOSUBCOTX>
    <SEOSUBCOTX>
     <CMPNAME>RET_LEGAL_CODE</CMPNAME>
     <SCONAME>IV_PERNR</SCONAME>
     <LANGU>R</LANGU>
     <DESCRIPT>Табельный номер</DESCRIPT>
    </SEOSUBCOTX>
    <SEOSUBCOTX>
     <CMPNAME>RET_LEGAL_CODE</CMPNAME>
     <SCONAME>RV_CODE</SCONAME>
     <LANGU>R</LANGU>
     <DESCRIPT>Строка</DESCRIPT>
    </SEOSUBCOTX>
    <SEOSUBCOTX>
     <CMPNAME>RET_RT</CMPNAME>
     <SCONAME>IT_PAYRESULTS</SCONAME>
     <LANGU>R</LANGU>
     <DESCRIPT>Table of PAYKZ_RESULT</DESCRIPT>
    </SEOSUBCOTX>
    <SEOSUBCOTX>
     <CMPNAME>RET_RT_INPER</CMPNAME>
     <SCONAME>IT_PAYRESULTS</SCONAME>
     <LANGU>R</LANGU>
     <DESCRIPT>Table of PAYKZ_RESULT</DESCRIPT>
    </SEOSUBCOTX>
    <SEOSUBCOTX>
     <CMPNAME>RET_RT_INPER_NEW</CMPNAME>
     <SCONAME>IT_PAYRESULTS</SCONAME>
     <LANGU>R</LANGU>
     <DESCRIPT>Table of PAYKZ_RESULT</DESCRIPT>
    </SEOSUBCOTX>
    <SEOSUBCOTX>
     <CMPNAME>RET_SALDO_BEG</CMPNAME>
     <SCONAME>IS_RGDIR</SCONAME>
     <LANGU>R</LANGU>
     <DESCRIPT>Каталог кластера (для экспорта и импорта РезультатовРасчета)</DESCRIPT>
    </SEOSUBCOTX>
    <SEOSUBCOTX>
     <CMPNAME>RET_SALDO_BEG</CMPNAME>
     <SCONAME>IT_RESULT</SCONAME>
     <LANGU>R</LANGU>
     <DESCRIPT>Тип для таблицы результатов расчета</DESCRIPT>
    </SEOSUBCOTX>
    <SEOSUBCOTX>
     <CMPNAME>RET_SALDO_BEG</CMPNAME>
     <SCONAME>IV_IPN</SCONAME>
     <LANGU>R</LANGU>
     <DESCRIPT>Элемент данных для домена BOOLE: TRUE (=&apos;X&apos;) и FALSE (=&apos; &apos;)</DESCRIPT>
    </SEOSUBCOTX>
    <SEOSUBCOTX>
     <CMPNAME>RET_SALDO_BEG</CMPNAME>
     <SCONAME>IV_OPV</SCONAME>
     <LANGU>R</LANGU>
     <DESCRIPT>Элемент данных для домена BOOLE: TRUE (=&apos;X&apos;) и FALSE (=&apos; &apos;)</DESCRIPT>
    </SEOSUBCOTX>
    <SEOSUBCOTX>
     <CMPNAME>RET_SALDO_BEG</CMPNAME>
     <SCONAME>IV_OSMS</SCONAME>
     <LANGU>R</LANGU>
     <DESCRIPT>Элемент данных для домена BOOLE: TRUE (=&apos;X&apos;) и FALSE (=&apos; &apos;)</DESCRIPT>
    </SEOSUBCOTX>
    <SEOSUBCOTX>
     <CMPNAME>RET_SALDO_BEG</CMPNAME>
     <SCONAME>RV_SALDO</SCONAME>
     <LANGU>R</LANGU>
     <DESCRIPT>Расчет зарплаты: сумма</DESCRIPT>
    </SEOSUBCOTX>
    <SEOSUBCOTX>
     <CMPNAME>RET_VALUE_INTER</CMPNAME>
     <SCONAME>IS_INTER</SCONAME>
     <LANGU>R</LANGU>
     <DESCRIPT>Structure for payroll result: Kazakhstan</DESCRIPT>
    </SEOSUBCOTX>
    <SEOSUBCOTX>
     <CMPNAME>RET_VALUE_RESULT</CMPNAME>
     <SCONAME>IT_PAYRESULTS</SCONAME>
     <LANGU>R</LANGU>
     <DESCRIPT>Table of PAYKZ_RESULT</DESCRIPT>
    </SEOSUBCOTX>
   </DESCRIPTIONS_SUB>
  </asx:values>
 </asx:abap>
</abapGit>
