﻿<?xml version="1.0" encoding="utf-8"?>
<abapGit version="v1.0.0" serializer="LCL_OBJECT_CLAS" serializer_version="v1.0.0">
 <asx:abap xmlns:asx="http://www.sap.com/abapxml" version="1.0">
  <asx:values>
   <VSEOCLASS>
    <CLSNAME>ZCL_HCM</CLSNAME>
    <LANGU>R</LANGU>
    <DESCRIPT>Родительский класс чтения инфотипов</DESCRIPT>
    <STATE>1</STATE>
    <CLSCCINCL>X</CLSCCINCL>
    <FIXPT>X</FIXPT>
    <UNICODE>X</UNICODE>
   </VSEOCLASS>
   <DESCRIPTIONS>
    <SEOCOMPOTX>
     <CMPNAME>AUTHORITY_CHECK</CMPNAME>
     <LANGU>R</LANGU>
     <DESCRIPT>проверка структурных полномочий</DESCRIPT>
    </SEOCOMPOTX>
    <SEOCOMPOTX>
     <CMPNAME>CONSTRUCTOR</CMPNAME>
     <LANGU>R</LANGU>
     <DESCRIPT>Конструктор</DESCRIPT>
    </SEOCOMPOTX>
    <SEOCOMPOTX>
     <CMPNAME>GC_OTYPE_O</CMPNAME>
     <LANGU>R</LANGU>
     <DESCRIPT>Тип объекта</DESCRIPT>
    </SEOCOMPOTX>
    <SEOCOMPOTX>
     <CMPNAME>GV_OBJID</CMPNAME>
     <LANGU>R</LANGU>
     <DESCRIPT>Идентификатор объекта</DESCRIPT>
    </SEOCOMPOTX>
    <SEOCOMPOTX>
     <CMPNAME>GV_PLVAR</CMPNAME>
     <LANGU>R</LANGU>
     <DESCRIPT>Вариант плана</DESCRIPT>
    </SEOCOMPOTX>
    <SEOCOMPOTX>
     <CMPNAME>MC_0105</CMPNAME>
     <LANGU>R</LANGU>
     <DESCRIPT>Инфо-тип</DESCRIPT>
    </SEOCOMPOTX>
    <SEOCOMPOTX>
     <CMPNAME>MC_9000</CMPNAME>
     <LANGU>R</LANGU>
     <DESCRIPT>Инфо-тип</DESCRIPT>
    </SEOCOMPOTX>
    <SEOCOMPOTX>
     <CMPNAME>MC_9201</CMPNAME>
     <LANGU>R</LANGU>
     <DESCRIPT>Инфо-тип</DESCRIPT>
    </SEOCOMPOTX>
    <SEOCOMPOTX>
     <CMPNAME>MC_LANGU_KZ</CMPNAME>
     <LANGU>R</LANGU>
     <DESCRIPT>Код языка</DESCRIPT>
    </SEOCOMPOTX>
    <SEOCOMPOTX>
     <CMPNAME>MC_LANGU_KZ_S</CMPNAME>
     <LANGU>R</LANGU>
     <DESCRIPT>Код языка</DESCRIPT>
    </SEOCOMPOTX>
    <SEOCOMPOTX>
     <CMPNAME>MC_LANGU_RU</CMPNAME>
     <LANGU>R</LANGU>
     <DESCRIPT>Код языка</DESCRIPT>
    </SEOCOMPOTX>
    <SEOCOMPOTX>
     <CMPNAME>MC_LANGU_RU_S</CMPNAME>
     <LANGU>R</LANGU>
     <DESCRIPT>Код языка</DESCRIPT>
    </SEOCOMPOTX>
    <SEOCOMPOTX>
     <CMPNAME>MC_OTYPE_O</CMPNAME>
     <LANGU>R</LANGU>
     <DESCRIPT>Тип объекта</DESCRIPT>
    </SEOCOMPOTX>
    <SEOCOMPOTX>
     <CMPNAME>MC_OTYPE_P</CMPNAME>
     <LANGU>R</LANGU>
     <DESCRIPT>Тип объекта</DESCRIPT>
    </SEOCOMPOTX>
    <SEOCOMPOTX>
     <CMPNAME>MC_OTYPE_S</CMPNAME>
     <LANGU>R</LANGU>
     <DESCRIPT>Тип объекта</DESCRIPT>
    </SEOCOMPOTX>
    <SEOCOMPOTX>
     <CMPNAME>MV_OTYPE</CMPNAME>
     <LANGU>R</LANGU>
     <DESCRIPT>Тип объекта</DESCRIPT>
    </SEOCOMPOTX>
    <SEOCOMPOTX>
     <CMPNAME>PROCESS_DATES</CMPNAME>
     <LANGU>R</LANGU>
     <DESCRIPT>Обработка дат для чтения инфотипов</DESCRIPT>
    </SEOCOMPOTX>
    <SEOCOMPOTX>
     <CMPNAME>READ_INFOTYPE</CMPNAME>
     <LANGU>R</LANGU>
     <DESCRIPT>Универсальное чтение инфотипов</DESCRIPT>
    </SEOCOMPOTX>
   </DESCRIPTIONS>
   <DESCRIPTIONS_SUB>
    <SEOSUBCOTX>
     <CMPNAME>CONSTRUCTOR</CMPNAME>
     <SCONAME>IV_BEGDA</SCONAME>
     <LANGU>R</LANGU>
     <DESCRIPT>Начало срока действия</DESCRIPT>
    </SEOSUBCOTX>
    <SEOSUBCOTX>
     <CMPNAME>CONSTRUCTOR</CMPNAME>
     <SCONAME>IV_ENDDA</SCONAME>
     <LANGU>R</LANGU>
     <DESCRIPT>Конец срока действия</DESCRIPT>
    </SEOSUBCOTX>
    <SEOSUBCOTX>
     <CMPNAME>CONSTRUCTOR</CMPNAME>
     <SCONAME>IV_OBJID</SCONAME>
     <LANGU>R</LANGU>
     <DESCRIPT>Табельный номер</DESCRIPT>
    </SEOSUBCOTX>
    <SEOSUBCOTX>
     <CMPNAME>CONSTRUCTOR</CMPNAME>
     <SCONAME>IV_OTYPE</SCONAME>
     <LANGU>R</LANGU>
     <DESCRIPT>Тип объекта</DESCRIPT>
    </SEOSUBCOTX>
    <SEOSUBCOTX>
     <CMPNAME>PROCESS_DATES</CMPNAME>
     <SCONAME>CH_BEGDA</SCONAME>
     <LANGU>R</LANGU>
     <DESCRIPT>Начало срока действия</DESCRIPT>
    </SEOSUBCOTX>
    <SEOSUBCOTX>
     <CMPNAME>PROCESS_DATES</CMPNAME>
     <SCONAME>CH_ENDDA</SCONAME>
     <LANGU>R</LANGU>
     <DESCRIPT>Конец срока действия</DESCRIPT>
    </SEOSUBCOTX>
    <SEOSUBCOTX>
     <CMPNAME>READ_INFOTYPE</CMPNAME>
     <SCONAME>IV_BEGDA</SCONAME>
     <LANGU>R</LANGU>
     <DESCRIPT>Начало срока действия</DESCRIPT>
    </SEOSUBCOTX>
    <SEOSUBCOTX>
     <CMPNAME>READ_INFOTYPE</CMPNAME>
     <SCONAME>IV_ENDDA</SCONAME>
     <LANGU>R</LANGU>
     <DESCRIPT>Конец срока действия</DESCRIPT>
    </SEOSUBCOTX>
    <SEOSUBCOTX>
     <CMPNAME>READ_INFOTYPE</CMPNAME>
     <SCONAME>IV_INFTY</SCONAME>
     <LANGU>R</LANGU>
     <DESCRIPT>Инфо-тип</DESCRIPT>
    </SEOSUBCOTX>
    <SEOSUBCOTX>
     <CMPNAME>READ_INFOTYPE</CMPNAME>
     <SCONAME>IV_OBJID</SCONAME>
     <LANGU>R</LANGU>
     <DESCRIPT>Ид объекта</DESCRIPT>
    </SEOSUBCOTX>
    <SEOSUBCOTX>
     <CMPNAME>READ_INFOTYPE</CMPNAME>
     <SCONAME>IV_OTYPE</SCONAME>
     <LANGU>R</LANGU>
     <DESCRIPT>Тип объекта</DESCRIPT>
    </SEOSUBCOTX>
    <SEOSUBCOTX>
     <CMPNAME>READ_INFOTYPE</CMPNAME>
     <SCONAME>IV_SUBTY</SCONAME>
     <LANGU>R</LANGU>
     <DESCRIPT>Подтип</DESCRIPT>
    </SEOSUBCOTX>
   </DESCRIPTIONS_SUB>
  </asx:values>
 </asx:abap>
</abapGit>
