﻿<?xml version="1.0" encoding="utf-8"?>
<abapGit version="v1.0.0" serializer="LCL_OBJECT_CLAS" serializer_version="v1.0.0">
 <asx:abap xmlns:asx="http://www.sap.com/abapxml" version="1.0">
  <asx:values>
   <VSEOCLASS>
    <CLSNAME>ZCL_HRPY_PERNR_NEW</CLSNAME>
    <LANGU>R</LANGU>
    <DESCRIPT>Класс для ЗП</DESCRIPT>
    <STATE>1</STATE>
    <CLSCCINCL>X</CLSCCINCL>
    <FIXPT>X</FIXPT>
    <UNICODE>X</UNICODE>
   </VSEOCLASS>
   <DESCRIPTIONS>
    <SEOCOMPOTX>
     <CMPNAME>AVER_GET_KZAVE</CMPNAME>
     <LANGU>R</LANGU>
     <DESCRIPT>Возвращаем значение KZAVE</DESCRIPT>
    </SEOCOMPOTX>
    <SEOCOMPOTX>
     <CMPNAME>AVER_SET_PERIO_KZAVE</CMPNAME>
     <LANGU>R</LANGU>
     <DESCRIPT>Находим дни начальной и конечной даты</DESCRIPT>
    </SEOCOMPOTX>
    <SEOCOMPOTX>
     <CMPNAME>CONSTRUCTOR</CMPNAME>
     <LANGU>R</LANGU>
     <DESCRIPT>CONSTRUCTOR</DESCRIPT>
    </SEOCOMPOTX>
    <SEOCOMPOTX>
     <CMPNAME>MC_ADJRULE</CMPNAME>
     <LANGU>R</LANGU>
     <DESCRIPT>Правило адаптации для основ расчета средних значений</DESCRIPT>
    </SEOCOMPOTX>
    <SEOCOMPOTX>
     <CMPNAME>MC_COMP_RULE</CMPNAME>
     <LANGU>R</LANGU>
     <DESCRIPT>Правила расчета для средних значений</DESCRIPT>
    </SEOCOMPOTX>
    <SEOCOMPOTX>
     <CMPNAME>MC_CUMRULE</CMPNAME>
     <LANGU>R</LANGU>
     <DESCRIPT>Правило кумуляции для основ расчета средних значений</DESCRIPT>
    </SEOCOMPOTX>
    <SEOCOMPOTX>
     <CMPNAME>MC_MODIF</CMPNAME>
     <LANGU>R</LANGU>
     <DESCRIPT>Параметры периода</DESCRIPT>
    </SEOCOMPOTX>
    <SEOCOMPOTX>
     <CMPNAME>MC_MOLGA</CMPNAME>
     <LANGU>R</LANGU>
     <DESCRIPT>Группировка стран</DESCRIPT>
    </SEOCOMPOTX>
    <SEOCOMPOTX>
     <CMPNAME>MC_PAY_PROG</CMPNAME>
     <LANGU>R</LANGU>
     <DESCRIPT>PROGNAME</DESCRIPT>
    </SEOCOMPOTX>
    <SEOCOMPOTX>
     <CMPNAME>MC_PERMO</CMPNAME>
     <LANGU>R</LANGU>
     <DESCRIPT>Параметры периода</DESCRIPT>
    </SEOCOMPOTX>
    <SEOCOMPOTX>
     <CMPNAME>MC_VARIANT</CMPNAME>
     <LANGU>R</LANGU>
     <DESCRIPT>АВАР: имя варианта (без имени программы)</DESCRIPT>
    </SEOCOMPOTX>
    <SEOCOMPOTX>
     <CMPNAME>MS_BUFFER</CMPNAME>
     <LANGU>R</LANGU>
     <DESCRIPT>Буффер расчета</DESCRIPT>
    </SEOCOMPOTX>
    <SEOCOMPOTX>
     <CMPNAME>MS_PAYKZ_RESULT</CMPNAME>
     <LANGU>R</LANGU>
     <DESCRIPT>Structure for payroll result: Kazakhstan</DESCRIPT>
    </SEOCOMPOTX>
    <SEOCOMPOTX>
     <CMPNAME>MT_EVP_RGDIR</CMPNAME>
     <LANGU>R</LANGU>
     <DESCRIPT>Каталог результатов расчета</DESCRIPT>
    </SEOCOMPOTX>
    <SEOCOMPOTX>
     <CMPNAME>MT_FULL_RGDIR</CMPNAME>
     <LANGU>R</LANGU>
     <DESCRIPT>Каталог результатов расчета</DESCRIPT>
    </SEOCOMPOTX>
    <SEOCOMPOTX>
     <CMPNAME>MT_KZAVE</CMPNAME>
     <LANGU>R</LANGU>
     <DESCRIPT>Таблица средних значений</DESCRIPT>
    </SEOCOMPOTX>
    <SEOCOMPOTX>
     <CMPNAME>MT_RESULTS</CMPNAME>
     <LANGU>R</LANGU>
     <DESCRIPT>Тип для таблицы результатов расчета</DESCRIPT>
    </SEOCOMPOTX>
    <SEOCOMPOTX>
     <CMPNAME>MT_RGDIR</CMPNAME>
     <LANGU>R</LANGU>
     <DESCRIPT>Каталог результатов расчета</DESCRIPT>
    </SEOCOMPOTX>
    <SEOCOMPOTX>
     <CMPNAME>MV_FPPER</CMPNAME>
     <LANGU>R</LANGU>
     <DESCRIPT>Общий флаг</DESCRIPT>
    </SEOCOMPOTX>
    <SEOCOMPOTX>
     <CMPNAME>MV_KZAV_BEGDA</CMPNAME>
     <LANGU>R</LANGU>
     <DESCRIPT>Первая дата таблицы KZAVE</DESCRIPT>
    </SEOCOMPOTX>
    <SEOCOMPOTX>
     <CMPNAME>MV_KZAV_ENDDA</CMPNAME>
     <LANGU>R</LANGU>
     <DESCRIPT>Последняя дата таблицы KZAVE</DESCRIPT>
    </SEOCOMPOTX>
    <SEOCOMPOTX>
     <CMPNAME>MV_RELID</CMPNAME>
     <LANGU>R</LANGU>
     <DESCRIPT>Ид. отношения</DESCRIPT>
    </SEOCOMPOTX>
    <SEOCOMPOTX>
     <CMPNAME>READ_RELID</CMPNAME>
     <LANGU>R</LANGU>
     <DESCRIPT>Идентификатор раздела для кластера в таблицах PCLx</DESCRIPT>
    </SEOCOMPOTX>
    <SEOCOMPOTX>
     <CMPNAME>READ_RGDIR_FROM_BUFFER</CMPNAME>
     <LANGU>R</LANGU>
     <DESCRIPT>Считывание кластера CU</DESCRIPT>
    </SEOCOMPOTX>
    <SEOCOMPOTX>
     <CMPNAME>READ_T51AV_A</CMPNAME>
     <LANGU>R</LANGU>
     <DESCRIPT>Read Table T51AV_A</DESCRIPT>
    </SEOCOMPOTX>
    <SEOCOMPOTX>
     <CMPNAME>READ_T51AV_B</CMPNAME>
     <LANGU>R</LANGU>
     <DESCRIPT>Read Table T51AV_B</DESCRIPT>
    </SEOCOMPOTX>
    <SEOCOMPOTX>
     <CMPNAME>READ_T51AV_C</CMPNAME>
     <LANGU>R</LANGU>
     <DESCRIPT>Правила адаптации для основ расчета среднего значения</DESCRIPT>
    </SEOCOMPOTX>
    <SEOCOMPOTX>
     <CMPNAME>SET_RGDIR</CMPNAME>
     <LANGU>R</LANGU>
     <DESCRIPT>Возврящает таблицу RGDIR</DESCRIPT>
    </SEOCOMPOTX>
   </DESCRIPTIONS>
   <DESCRIPTIONS_SUB>
    <SEOSUBCOTX>
     <CMPNAME>ADJUST_FACTOR</CMPNAME>
     <SCONAME>IS_51AV_C</SCONAME>
     <LANGU>R</LANGU>
     <DESCRIPT>Правила адаптации для основ расчета среднего значения</DESCRIPT>
    </SEOSUBCOTX>
    <SEOSUBCOTX>
     <CMPNAME>ADJUST_FACTOR</CMPNAME>
     <SCONAME>IT_P0008</SCONAME>
     <LANGU>R</LANGU>
     <DESCRIPT>Осн. запись персонала - инфо-тип 0008 (Основные выплаты)</DESCRIPT>
    </SEOSUBCOTX>
    <SEOSUBCOTX>
     <CMPNAME>ADJUST_FACTOR</CMPNAME>
     <SCONAME>IT_RESULTS</SCONAME>
     <LANGU>R</LANGU>
     <DESCRIPT>Тип для таблицы результатов расчета</DESCRIPT>
    </SEOSUBCOTX>
    <SEOSUBCOTX>
     <CMPNAME>ADJUST_FACTOR</CMPNAME>
     <SCONAME>IV_APER_BEGDA</SCONAME>
     <LANGU>R</LANGU>
     <DESCRIPT>Начало срока действия</DESCRIPT>
    </SEOSUBCOTX>
    <SEOSUBCOTX>
     <CMPNAME>ADJUST_FACTOR</CMPNAME>
     <SCONAME>IV_PERIOD_BEGDA</SCONAME>
     <LANGU>R</LANGU>
     <DESCRIPT>Начало срока действия</DESCRIPT>
    </SEOSUBCOTX>
    <SEOSUBCOTX>
     <CMPNAME>ADJUST_FACTOR</CMPNAME>
     <SCONAME>IV_PERIOD_ENDDA</SCONAME>
     <LANGU>R</LANGU>
     <DESCRIPT>Конец срока действия</DESCRIPT>
    </SEOSUBCOTX>
    <SEOSUBCOTX>
     <CMPNAME>AVER_GET_VALUE_AVERAGE</CMPNAME>
     <SCONAME>IV_DATUM</SCONAME>
     <LANGU>R</LANGU>
     <DESCRIPT>Поле типа DATS</DESCRIPT>
    </SEOSUBCOTX>
    <SEOSUBCOTX>
     <CMPNAME>AVER_GET_VALUE_AVERAGE</CMPNAME>
     <SCONAME>RV_RESULT</SCONAME>
     <LANGU>R</LANGU>
     <DESCRIPT>Расчет зарплаты: сумма</DESCRIPT>
    </SEOSUBCOTX>
    <SEOSUBCOTX>
     <CMPNAME>AVER_GET_VALUE_AVERAGE_COMP</CMPNAME>
     <SCONAME>IV_QCTYP</SCONAME>
     <LANGU>R</LANGU>
     <DESCRIPT>Правило компенсации лимитов времени</DESCRIPT>
    </SEOSUBCOTX>
    <SEOSUBCOTX>
     <CMPNAME>AVER_GET_VALUE_AVERAGE_COMP</CMPNAME>
     <SCONAME>RV_RESULT</SCONAME>
     <LANGU>R</LANGU>
     <DESCRIPT>Расчет зарплаты: сумма</DESCRIPT>
    </SEOSUBCOTX>
    <SEOSUBCOTX>
     <CMPNAME>AVER_GET_VALUE_LGARTANZ</CMPNAME>
     <SCONAME>IV_DATUM</SCONAME>
     <LANGU>R</LANGU>
     <DESCRIPT>Поле типа DATS</DESCRIPT>
    </SEOSUBCOTX>
    <SEOSUBCOTX>
     <CMPNAME>AVER_GET_VALUE_LGARTANZ</CMPNAME>
     <SCONAME>IV_ENDDA</SCONAME>
     <LANGU>R</LANGU>
     <DESCRIPT>Поле типа DATS</DESCRIPT>
    </SEOSUBCOTX>
    <SEOSUBCOTX>
     <CMPNAME>AVER_GET_VALUE_LGARTANZ_COMP</CMPNAME>
     <SCONAME>IV_QCTYP</SCONAME>
     <LANGU>R</LANGU>
     <DESCRIPT>Правило компенсации лимитов времени</DESCRIPT>
    </SEOSUBCOTX>
    <SEOSUBCOTX>
     <CMPNAME>AVER_GET_VALUE_LGARTANZ_COMP</CMPNAME>
     <SCONAME>RV_RESULT</SCONAME>
     <LANGU>R</LANGU>
     <DESCRIPT>Расчет зарплаты: сумма</DESCRIPT>
    </SEOSUBCOTX>
    <SEOSUBCOTX>
     <CMPNAME>AVER_GET_VALUE_LGARTSUM</CMPNAME>
     <SCONAME>IV_DATUM</SCONAME>
     <LANGU>R</LANGU>
     <DESCRIPT>Поле типа DATS</DESCRIPT>
    </SEOSUBCOTX>
    <SEOSUBCOTX>
     <CMPNAME>AVER_GET_VALUE_LGARTSUM</CMPNAME>
     <SCONAME>IV_ENDDA</SCONAME>
     <LANGU>R</LANGU>
     <DESCRIPT>Поле типа DATS</DESCRIPT>
    </SEOSUBCOTX>
    <SEOSUBCOTX>
     <CMPNAME>AVER_GET_VALUE_LGARTSUM</CMPNAME>
     <SCONAME>RV_RESULT</SCONAME>
     <LANGU>R</LANGU>
     <DESCRIPT>Расчет зарплаты: сумма</DESCRIPT>
    </SEOSUBCOTX>
    <SEOSUBCOTX>
     <CMPNAME>AVER_GET_VALUE_LGARTSUM_COMP</CMPNAME>
     <SCONAME>IV_QCTYP</SCONAME>
     <LANGU>R</LANGU>
     <DESCRIPT>Правило компенсации лимитов времени</DESCRIPT>
    </SEOSUBCOTX>
    <SEOSUBCOTX>
     <CMPNAME>AVER_GET_VALUE_LGARTSUM_COMP</CMPNAME>
     <SCONAME>RV_RESULT</SCONAME>
     <LANGU>R</LANGU>
     <DESCRIPT>Расчет зарплаты: сумма</DESCRIPT>
    </SEOSUBCOTX>
    <SEOSUBCOTX>
     <CMPNAME>AVER_READ_PAYKZ_RESULT</CMPNAME>
     <SCONAME>IV_INPER</SCONAME>
     <LANGU>R</LANGU>
     <DESCRIPT>В-период расчета</DESCRIPT>
    </SEOSUBCOTX>
    <SEOSUBCOTX>
     <CMPNAME>AVER_RUN</CMPNAME>
     <SCONAME>IV_ABKRS</SCONAME>
     <LANGU>R</LANGU>
     <DESCRIPT>Единица расчета</DESCRIPT>
    </SEOSUBCOTX>
    <SEOSUBCOTX>
     <CMPNAME>AVER_RUN</CMPNAME>
     <SCONAME>IV_DATUM</SCONAME>
     <LANGU>R</LANGU>
     <DESCRIPT>Начало срока действия</DESCRIPT>
    </SEOSUBCOTX>
    <SEOSUBCOTX>
     <CMPNAME>AVER_RUN</CMPNAME>
     <SCONAME>IV_PERIO</SCONAME>
     <LANGU>R</LANGU>
     <DESCRIPT>В-период расчета</DESCRIPT>
    </SEOSUBCOTX>
    <SEOSUBCOTX>
     <CMPNAME>AVER_RUN</CMPNAME>
     <SCONAME>IV_QCTYP</SCONAME>
     <LANGU>R</LANGU>
     <DESCRIPT>Правило компенсации лимитов времени</DESCRIPT>
    </SEOSUBCOTX>
    <SEOSUBCOTX>
     <CMPNAME>AVER_RUN_PAYROLL</CMPNAME>
     <SCONAME>IV_ABKRS</SCONAME>
     <LANGU>R</LANGU>
     <DESCRIPT>Единица расчета</DESCRIPT>
    </SEOSUBCOTX>
    <SEOSUBCOTX>
     <CMPNAME>AVER_RUN_PAYROLL</CMPNAME>
     <SCONAME>IV_PERIO</SCONAME>
     <LANGU>R</LANGU>
     <DESCRIPT>В-период расчета</DESCRIPT>
    </SEOSUBCOTX>
    <SEOSUBCOTX>
     <CMPNAME>AVER_SET_KZAVERAGE</CMPNAME>
     <SCONAME>IV_DATUM</SCONAME>
     <LANGU>R</LANGU>
     <DESCRIPT>Поле типа DATS</DESCRIPT>
    </SEOSUBCOTX>
    <SEOSUBCOTX>
     <CMPNAME>AVER_SET_KZAVERAGE</CMPNAME>
     <SCONAME>IV_QCTYP</SCONAME>
     <LANGU>R</LANGU>
     <DESCRIPT>Правило компенсации лимитов времени</DESCRIPT>
    </SEOSUBCOTX>
    <SEOSUBCOTX>
     <CMPNAME>CD_EVALUATION_PERIODS</CMPNAME>
     <SCONAME>IT_RGDIR</SCONAME>
     <LANGU>R</LANGU>
     <DESCRIPT>Каталог результатов расчета</DESCRIPT>
    </SEOSUBCOTX>
    <SEOSUBCOTX>
     <CMPNAME>CD_EVALUATION_PERIODS</CMPNAME>
     <SCONAME>IV_DATE</SCONAME>
     <LANGU>R</LANGU>
     <DESCRIPT>Начало срока действия</DESCRIPT>
    </SEOSUBCOTX>
    <SEOSUBCOTX>
     <CMPNAME>CD_EVALUATION_PERIODS</CMPNAME>
     <SCONAME>IV_INPER</SCONAME>
     <LANGU>R</LANGU>
     <DESCRIPT>В-период расчета</DESCRIPT>
    </SEOSUBCOTX>
    <SEOSUBCOTX>
     <CMPNAME>CD_EVALUATION_PERIODS</CMPNAME>
     <SCONAME>IV_MODIF</SCONAME>
     <LANGU>R</LANGU>
     <DESCRIPT>Параметры периода</DESCRIPT>
    </SEOSUBCOTX>
    <SEOSUBCOTX>
     <CMPNAME>CD_EVALUATION_PERIODS</CMPNAME>
     <SCONAME>IV_PAYID</SCONAME>
     <LANGU>R</LANGU>
     <DESCRIPT>Идентификатор расчета</DESCRIPT>
    </SEOSUBCOTX>
    <SEOSUBCOTX>
     <CMPNAME>CD_EVALUATION_PERIODS</CMPNAME>
     <SCONAME>IV_PAYTY</SCONAME>
     <LANGU>R</LANGU>
     <DESCRIPT>СпосПлт</DESCRIPT>
    </SEOSUBCOTX>
    <SEOSUBCOTX>
     <CMPNAME>CD_EVALUATION_PERIODS</CMPNAME>
     <SCONAME>RV_SEQNR</SCONAME>
     <LANGU>R</LANGU>
     <DESCRIPT>Порядковый номер</DESCRIPT>
    </SEOSUBCOTX>
    <SEOSUBCOTX>
     <CMPNAME>CONSTRUCTOR</CMPNAME>
     <SCONAME>IV_BEGDA</SCONAME>
     <LANGU>R</LANGU>
     <DESCRIPT>Начало срока действия</DESCRIPT>
    </SEOSUBCOTX>
    <SEOSUBCOTX>
     <CMPNAME>CONSTRUCTOR</CMPNAME>
     <SCONAME>IV_ENDDA</SCONAME>
     <LANGU>R</LANGU>
     <DESCRIPT>Конец срока действия</DESCRIPT>
    </SEOSUBCOTX>
    <SEOSUBCOTX>
     <CMPNAME>CONSTRUCTOR</CMPNAME>
     <SCONAME>IV_FPPER</SCONAME>
     <LANGU>R</LANGU>
     <DESCRIPT>Общий флаг</DESCRIPT>
    </SEOSUBCOTX>
    <SEOSUBCOTX>
     <CMPNAME>CONSTRUCTOR</CMPNAME>
     <SCONAME>IV_PERNR</SCONAME>
     <LANGU>R</LANGU>
     <DESCRIPT>Табельный номер</DESCRIPT>
    </SEOSUBCOTX>
    <SEOSUBCOTX>
     <CMPNAME>FILTER_EVP</CMPNAME>
     <SCONAME>IT_RGDIR</SCONAME>
     <LANGU>R</LANGU>
     <DESCRIPT>Каталог результатов расчета</DESCRIPT>
    </SEOSUBCOTX>
    <SEOSUBCOTX>
     <CMPNAME>FILTER_EVP</CMPNAME>
     <SCONAME>OT_RGDIR</SCONAME>
     <LANGU>R</LANGU>
     <DESCRIPT>Каталог результатов расчета</DESCRIPT>
    </SEOSUBCOTX>
    <SEOSUBCOTX>
     <CMPNAME>FILTER_TWEAKED_EVP</CMPNAME>
     <SCONAME>CT_EVP_RELATED</SCONAME>
     <LANGU>R</LANGU>
     <DESCRIPT>Каталог результатов расчета</DESCRIPT>
    </SEOSUBCOTX>
    <SEOSUBCOTX>
     <CMPNAME>FILTER_TWEAKED_EVP</CMPNAME>
     <SCONAME>CT_TWEAKED_EVP</SCONAME>
     <LANGU>R</LANGU>
     <DESCRIPT>Каталог результатов расчета</DESCRIPT>
    </SEOSUBCOTX>
    <SEOSUBCOTX>
     <CMPNAME>FILTER_TWEAKED_EVP</CMPNAME>
     <SCONAME>IS_INPER_DIRECTORY_ENTRY</SCONAME>
     <LANGU>R</LANGU>
     <DESCRIPT>Каталог результатов расчета</DESCRIPT>
    </SEOSUBCOTX>
    <SEOSUBCOTX>
     <CMPNAME>FILTER_TWEAKED_EVP</CMPNAME>
     <SCONAME>IV_BEGDA</SCONAME>
     <LANGU>R</LANGU>
     <DESCRIPT>Начало срока действия</DESCRIPT>
    </SEOSUBCOTX>
    <SEOSUBCOTX>
     <CMPNAME>FILTER_TWEAKED_EVP</CMPNAME>
     <SCONAME>IV_ENDDA</SCONAME>
     <LANGU>R</LANGU>
     <DESCRIPT>Конец срока действия</DESCRIPT>
    </SEOSUBCOTX>
    <SEOSUBCOTX>
     <CMPNAME>READ_DATE_RANGE_ACTUAL_NV</CMPNAME>
     <SCONAME>ET_RGDIR</SCONAME>
     <LANGU>R</LANGU>
     <DESCRIPT>Out RGDIR</DESCRIPT>
    </SEOSUBCOTX>
    <SEOSUBCOTX>
     <CMPNAME>READ_DATE_RANGE_ACTUAL_NV</CMPNAME>
     <SCONAME>IT_RGDIR</SCONAME>
     <LANGU>R</LANGU>
     <DESCRIPT>In RGDIR</DESCRIPT>
    </SEOSUBCOTX>
    <SEOSUBCOTX>
     <CMPNAME>READ_DATE_RANGE_ACTUAL_NV</CMPNAME>
     <SCONAME>IV_BEGDA</SCONAME>
     <LANGU>R</LANGU>
     <DESCRIPT>Начало срока действия</DESCRIPT>
    </SEOSUBCOTX>
    <SEOSUBCOTX>
     <CMPNAME>READ_DATE_RANGE_ACTUAL_NV</CMPNAME>
     <SCONAME>IV_ENDDA</SCONAME>
     <LANGU>R</LANGU>
     <DESCRIPT>Конец срока действия</DESCRIPT>
    </SEOSUBCOTX>
    <SEOSUBCOTX>
     <CMPNAME>READ_RELID</CMPNAME>
     <SCONAME>IV_MOLGA</SCONAME>
     <LANGU>R</LANGU>
     <DESCRIPT>Группировка стран</DESCRIPT>
    </SEOSUBCOTX>
    <SEOSUBCOTX>
     <CMPNAME>READ_RELID</CMPNAME>
     <SCONAME>RV_RELID</SCONAME>
     <LANGU>R</LANGU>
     <DESCRIPT>Идентификатор раздела для кластера в таблицах PCLx</DESCRIPT>
    </SEOSUBCOTX>
    <SEOSUBCOTX>
     <CMPNAME>READ_RGDIR</CMPNAME>
     <SCONAME>ET_RGDIR</SCONAME>
     <LANGU>R</LANGU>
     <DESCRIPT>Каталог результатов расчета</DESCRIPT>
    </SEOSUBCOTX>
    <SEOSUBCOTX>
     <CMPNAME>READ_RGDIR_FROM_BUFFER</CMPNAME>
     <SCONAME>ET_RGDIR</SCONAME>
     <LANGU>R</LANGU>
     <DESCRIPT>Каталог результатов расчета</DESCRIPT>
    </SEOSUBCOTX>
    <SEOSUBCOTX>
     <CMPNAME>READ_RGDIR_PAYRESULTS</CMPNAME>
     <SCONAME>ET_RESULTS</SCONAME>
     <LANGU>R</LANGU>
     <DESCRIPT>Тип для таблицы результатов расчета</DESCRIPT>
    </SEOSUBCOTX>
    <SEOSUBCOTX>
     <CMPNAME>READ_RGDIR_PAYRESULTS</CMPNAME>
     <SCONAME>IT_RGDIR</SCONAME>
     <LANGU>R</LANGU>
     <DESCRIPT>Каталог результатов расчета</DESCRIPT>
    </SEOSUBCOTX>
    <SEOSUBCOTX>
     <CMPNAME>READ_T51AV_A</CMPNAME>
     <SCONAME>IV_AVRULE</SCONAME>
     <LANGU>R</LANGU>
     <DESCRIPT>Правила расчета для средних значений</DESCRIPT>
    </SEOSUBCOTX>
    <SEOSUBCOTX>
     <CMPNAME>READ_T51AV_A</CMPNAME>
     <SCONAME>IV_DATUM</SCONAME>
     <LANGU>R</LANGU>
     <DESCRIPT>Начало срока действия</DESCRIPT>
    </SEOSUBCOTX>
    <SEOSUBCOTX>
     <CMPNAME>READ_T51AV_A</CMPNAME>
     <SCONAME>RS_T51AV_A</SCONAME>
     <LANGU>R</LANGU>
     <DESCRIPT>Правила расчета для средних значений</DESCRIPT>
    </SEOSUBCOTX>
    <SEOSUBCOTX>
     <CMPNAME>READ_T51AV_B</CMPNAME>
     <SCONAME>ET_T51AV_B</SCONAME>
     <LANGU>R</LANGU>
     <DESCRIPT>Правила кумуляции для основ средних значений</DESCRIPT>
    </SEOSUBCOTX>
    <SEOSUBCOTX>
     <CMPNAME>READ_T51AV_B</CMPNAME>
     <SCONAME>IV_CUMRULE</SCONAME>
     <LANGU>R</LANGU>
     <DESCRIPT>Правило кумуляции для основ расчета средних значений</DESCRIPT>
    </SEOSUBCOTX>
    <SEOSUBCOTX>
     <CMPNAME>READ_T51AV_B</CMPNAME>
     <SCONAME>IV_DATUM</SCONAME>
     <LANGU>R</LANGU>
     <DESCRIPT>Начало срока действия</DESCRIPT>
    </SEOSUBCOTX>
    <SEOSUBCOTX>
     <CMPNAME>READ_T51AV_C</CMPNAME>
     <SCONAME>ES_T51AV_C</SCONAME>
     <LANGU>R</LANGU>
     <DESCRIPT>Table Type for T51AV_B</DESCRIPT>
    </SEOSUBCOTX>
    <SEOSUBCOTX>
     <CMPNAME>READ_T51AV_C</CMPNAME>
     <SCONAME>IV_ADJRULE</SCONAME>
     <LANGU>R</LANGU>
     <DESCRIPT>Правило адаптации для основ расчета средних значений</DESCRIPT>
    </SEOSUBCOTX>
    <SEOSUBCOTX>
     <CMPNAME>REDUCE_RGDIR</CMPNAME>
     <SCONAME>CT_RGDIR</SCONAME>
     <LANGU>R</LANGU>
     <DESCRIPT>Каталог результатов расчета</DESCRIPT>
    </SEOSUBCOTX>
    <SEOSUBCOTX>
     <CMPNAME>RET_EVP</CMPNAME>
     <SCONAME>IT_RGDIR</SCONAME>
     <LANGU>R</LANGU>
     <DESCRIPT>Каталог результатов расчета</DESCRIPT>
    </SEOSUBCOTX>
    <SEOSUBCOTX>
     <CMPNAME>RET_EVP</CMPNAME>
     <SCONAME>RT_RGDIR</SCONAME>
     <LANGU>R</LANGU>
     <DESCRIPT>Каталог результатов расчета</DESCRIPT>
    </SEOSUBCOTX>
    <SEOSUBCOTX>
     <CMPNAME>RET_INPER_DIR</CMPNAME>
     <SCONAME>IT_RGDIR</SCONAME>
     <LANGU>R</LANGU>
     <DESCRIPT>Каталог результатов расчета</DESCRIPT>
    </SEOSUBCOTX>
    <SEOSUBCOTX>
     <CMPNAME>RET_INPER_DIR</CMPNAME>
     <SCONAME>IV_BEGDA</SCONAME>
     <LANGU>R</LANGU>
     <DESCRIPT>В-период расчета</DESCRIPT>
    </SEOSUBCOTX>
    <SEOSUBCOTX>
     <CMPNAME>RET_INPER_DIR</CMPNAME>
     <SCONAME>IV_ENDDA</SCONAME>
     <LANGU>R</LANGU>
     <DESCRIPT>Конец срока действия</DESCRIPT>
    </SEOSUBCOTX>
    <SEOSUBCOTX>
     <CMPNAME>RET_RGDIR</CMPNAME>
     <SCONAME>IT_RGDIR</SCONAME>
     <LANGU>R</LANGU>
     <DESCRIPT>Каталог результатов расчета</DESCRIPT>
    </SEOSUBCOTX>
    <SEOSUBCOTX>
     <CMPNAME>RET_RGDIR</CMPNAME>
     <SCONAME>IV_INPER</SCONAME>
     <LANGU>R</LANGU>
     <DESCRIPT>В-период расчета</DESCRIPT>
    </SEOSUBCOTX>
    <SEOSUBCOTX>
     <CMPNAME>RET_RGDIR</CMPNAME>
     <SCONAME>RT_RGDIR</SCONAME>
     <LANGU>R</LANGU>
     <DESCRIPT>Каталог результатов расчета</DESCRIPT>
    </SEOSUBCOTX>
    <SEOSUBCOTX>
     <CMPNAME>RET_TWEAKED_EVP</CMPNAME>
     <SCONAME>IV_INPER</SCONAME>
     <LANGU>R</LANGU>
     <DESCRIPT>Конец срока действия</DESCRIPT>
    </SEOSUBCOTX>
    <SEOSUBCOTX>
     <CMPNAME>RET_TWEAKED_EVP</CMPNAME>
     <SCONAME>RT_RGDIR</SCONAME>
     <LANGU>R</LANGU>
     <DESCRIPT>Каталог результатов расчета</DESCRIPT>
    </SEOSUBCOTX>
    <SEOSUBCOTX>
     <CMPNAME>SET_RGDIR</CMPNAME>
     <SCONAME>RT_RGDIR</SCONAME>
     <LANGU>R</LANGU>
     <DESCRIPT>Каталог результатов расчета</DESCRIPT>
    </SEOSUBCOTX>
    <SEOSUBCOTX>
     <CMPNAME>_CHECK_RGDIR</CMPNAME>
     <SCONAME>ET_RGDIR</SCONAME>
     <LANGU>R</LANGU>
     <DESCRIPT>Каталог результатов расчета</DESCRIPT>
    </SEOSUBCOTX>
    <SEOSUBCOTX>
     <CMPNAME>_CHECK_RGDIR</CMPNAME>
     <SCONAME>IT_RGDIR</SCONAME>
     <LANGU>R</LANGU>
     <DESCRIPT>Каталог результатов расчета</DESCRIPT>
    </SEOSUBCOTX>
   </DESCRIPTIONS_SUB>
  </asx:values>
 </asx:abap>
</abapGit>
